{
  "shape": [
    136,
    14
  ],
  "heat": [
    [
      0.0,
      0.0,
      0.0,
      0.0,
      0.0,
      0.0,
      0.0020518055012327136,
      0.009691536058631605,
      0.031231238648409463,
      0.0791681003182307,
      0.15809651379972484,
      0.249068421648762,
      0.3099335895101221,
      0.30490601636514214
    ],
    [
      0.00038142355380156487,
      0.0017094217722419761,
      0.0028183600364932557,
      0.0017094217722419761,
      0.00038142355380156487,
      3.130915188892404e-05,
      0.0018107119995439032,
      0.009780878105976764,
      0.03241881006854154,
      0.08482725981110098,
      0.17541083186456985,
      0.28685560303232976,
      0.3710776885054652,
      0.37963113420910527
    ],
    [
      0.00464669014065762,
      0.0208250204166329,
      0.03433465412366711,
      0.0208250204166329,
      0.00464669014065762,
      0.00038142355380156487,
      0.0012672764444750292,
      0.008659083857000954,
      0.029862389719574913,
      0.08146368466019496,
      0.17576923223861904,
      0.29978668338938513,
      0.4037863995119829,
      0.4289564597950466
    ]
  ],
  "hotspots": [
    [
      57,
      0
    ],
    [
      84,
      0
    ]
  ]
}